-- MySQL dump 10.13  Distrib 8.0.43, for Linux (x86_64)
--
-- Host: localhost    Database: songguessr
-- ------------------------------------------------------
-- Server version	8.0.43

/*!40101 SET @OLD_CHARACTER_SET_CLIENT=@@CHARACTER_SET_CLIENT */;
/*!40101 SET @OLD_CHARACTER_SET_RESULTS=@@CHARACTER_SET_RESULTS */;
/*!40101 SET @OLD_COLLATION_CONNECTION=@@COLLATION_CONNECTION */;
/*!50503 SET NAMES utf8mb4 */;
/*!40103 SET @OLD_TIME_ZONE=@@TIME_ZONE */;
/*!40103 SET TIME_ZONE='+00:00' */;
/*!40014 SET @OLD_UNIQUE_CHECKS=@@UNIQUE_CHECKS, UNIQUE_CHECKS=0 */;
/*!40014 SET @OLD_FOREIGN_KEY_CHECKS=@@FOREIGN_KEY_CHECKS, FOREIGN_KEY_CHECKS=0 */;
/*!40101 SET @OLD_SQL_MODE=@@SQL_MODE, SQL_MODE='NO_AUTO_VALUE_ON_ZERO' */;
/*!40111 SET @OLD_SQL_NOTES=@@SQL_NOTES, SQL_NOTES=0 */;

--
-- Table structure for table `game_status`
--

DROP TABLE IF EXISTS `game_status`;
/*!40101 SET @saved_cs_client     = @@character_set_client */;
/*!50503 SET character_set_client = utf8mb4 */;
CREATE TABLE `game_status` (
  `game_running` tinyint(1) NOT NULL,
  `current_song_id` int NOT NULL,
  `started` datetime NOT NULL,
  KEY `game_status_song_song_id_fk` (`current_song_id`),
  CONSTRAINT `game_status_song_song_id_fk` FOREIGN KEY (`current_song_id`) REFERENCES `song` (`song_id`) ON DELETE CASCADE ON UPDATE CASCADE
) ENGINE=InnoDB DEFAULT CHARSET=utf8mb4 COLLATE=utf8mb4_0900_ai_ci;
/*!40101 SET character_set_client = @saved_cs_client */;

--
-- Dumping data for table `game_status`
--

LOCK TABLES `game_status` WRITE;
/*!40000 ALTER TABLE `game_status` DISABLE KEYS */;
INSERT INTO `game_status` VALUES (1,26,'2025-10-23 21:00:44');
/*!40000 ALTER TABLE `game_status` ENABLE KEYS */;
UNLOCK TABLES;

--
-- Table structure for table `hint`
--

DROP TABLE IF EXISTS `hint`;
/*!40101 SET @saved_cs_client     = @@character_set_client */;
/*!50503 SET character_set_client = utf8mb4 */;
CREATE TABLE `hint` (
  `hint_id` int NOT NULL AUTO_INCREMENT,
  `type` varchar(255) NOT NULL,
  PRIMARY KEY (`hint_id`),
  UNIQUE KEY `hint_type_uindex` (`type`)
) ENGINE=InnoDB AUTO_INCREMENT=13 DEFAULT CHARSET=utf8mb4 COLLATE=utf8mb4_0900_ai_ci;
/*!40101 SET character_set_client = @saved_cs_client */;

--
-- Dumping data for table `hint`
--

LOCK TABLES `hint` WRITE;
/*!40000 ALTER TABLE `hint` DISABLE KEYS */;
INSERT INTO `hint` VALUES (1,'albumCover'),(8,'albumName'),(11,'artistImage'),(2,'artistName'),(4,'audio'),(12,'genre'),(6,'musicVideo10Seconds'),(9,'releaseYear'),(10,'revealLetter'),(7,'revealVowels');
/*!40000 ALTER TABLE `hint` ENABLE KEYS */;
UNLOCK TABLES;

--
-- Table structure for table `picker`
--

DROP TABLE IF EXISTS `picker`;
/*!40101 SET @saved_cs_client     = @@character_set_client */;
/*!50503 SET character_set_client = utf8mb4 */;
CREATE TABLE `picker` (
  `picker_id` int NOT NULL AUTO_INCREMENT,
  `first_name` varchar(255) NOT NULL,
  `last_name` varchar(255) NOT NULL,
  PRIMARY KEY (`picker_id`)
) ENGINE=InnoDB AUTO_INCREMENT=8 DEFAULT CHARSET=utf8mb4 COLLATE=utf8mb4_0900_ai_ci;
/*!40101 SET character_set_client = @saved_cs_client */;

--
-- Dumping data for table `picker`
--

LOCK TABLES `picker` WRITE;
/*!40000 ALTER TABLE `picker` DISABLE KEYS */;
INSERT INTO `picker` VALUES (1,'Elias','Böhm'),(6,'Martina','Böhm'),(7,'Ruth','Hörlin');
/*!40000 ALTER TABLE `picker` ENABLE KEYS */;
UNLOCK TABLES;

--
-- Table structure for table `song`
--

DROP TABLE IF EXISTS `song`;
/*!40101 SET @saved_cs_client     = @@character_set_client */;
/*!50503 SET character_set_client = utf8mb4 */;
CREATE TABLE `song` (
  `song_id` int NOT NULL AUTO_INCREMENT,
  `name` varchar(255) NOT NULL,
  `artist` varchar(255) NOT NULL,
  `guessed` tinyint(1) DEFAULT NULL,
  `picked_by` int DEFAULT NULL,
  `audio_source` varchar(255) NOT NULL,
  `video_source` varchar(255) DEFAULT NULL,
  `album` varchar(255) DEFAULT NULL,
  `album_cover_source` varchar(255) DEFAULT NULL,
  `released` int NOT NULL,
  `genre` varchar(255) DEFAULT NULL,
  `artist_image_source` varchar(255) DEFAULT NULL,
  PRIMARY KEY (`song_id`),
  UNIQUE KEY `song_pk_2` (`name`,`artist`),
  KEY `song_picker_id_fk` (`picked_by`),
  CONSTRAINT `song_picker_picker_id_fk` FOREIGN KEY (`picked_by`) REFERENCES `picker` (`picker_id`) ON DELETE CASCADE ON UPDATE CASCADE
) ENGINE=InnoDB AUTO_INCREMENT=27 DEFAULT CHARSET=utf8mb4 COLLATE=utf8mb4_0900_ai_ci;
/*!40101 SET character_set_client = @saved_cs_client */;

--
-- Dumping data for table `song`
--

LOCK TABLES `song` WRITE;
/*!40000 ALTER TABLE `song` DISABLE KEYS */;
INSERT INTO `song` VALUES (1,'Beat it','Michael Jackson',0,NULL,'beat_it.mp3','beat_it.mp4','Thriller','thriller.png',1982,'pop','michael-jackson.jpeg'),(2,'Pink + White','Frank Ocean',0,1,'pink_white.mp3','pink_white.mp4','Blonde','blonde.jpg',2016,'r&b','frank-ocean.webp'),(9,'Thriller','Michael Jackson',0,NULL,'thriller.mp3','thriller.mp4','Thriller','thriller.png',1982,'pop','michael-jackson.jpeg'),(10,'Hymn for the Weekend','Coldplay',0,6,'hymn_for_the_weekend.mp3','hymn_for_the_weekend.mp4','A Head Full of Dreams','a_head_full_of_dreams.jpg',2015,'alternative','coldplay.jpeg'),(11,'Mockingbird','Eminem',0,NULL,'mockingbird.mp3','mockingbird.mp4','Encore','encore.jpg',2004,'rap','eminem.jpg'),(12,'Gimme! Gimme! Gimme! (A Man After Midnight)','ABBA',0,NULL,'gimme_gimme_gimme.mp3','gimme_gimme_gimme.mp4','Voulez-Vous','voulez-vous.jpg',1979,'pop','abba.jpg'),(13,'Sweet Caroline','Neil Diamond',0,7,'sweet_caroline.mp3',NULL,'Sweet Caroline','sweet_caroline.jpg',1969,'soft rock','neil_diamond.webp'),(14,'99 Luftballons','Nena',0,7,'99_luftballons.mp3','99_luftballons.mp4','Nena','nena.jpg',1983,'german pop','nena.jpg'),(16,'Ich war noch niemals in New York','Udo Jürgens',0,7,'ich_war_noch_niemals_in_new_york.mp3',NULL,'Silberstreifen','silberstreifen.jpg',1982,'german pop','udo_jürgens.jpeg'),(17,'I Will Always Love You','Whitney Houston',0,NULL,'i_will_always_love_you.mp3','i_will_always_love_you.mp4','The Bodyguard - Original Soundtrack Album','the_bodyguard.jpg',1992,'ballade','whitney_houston.jpg'),(18,'Ein Stern (der deinen Namen trägt)','DJ Ötzi',0,NULL,'ein_stern_der_deinen_namen_trägt.mp3','ein_stern_der_deinen_namen_trägt.mp4','Sternstunden','sternstunden.jpg',2007,'german pop','dj_ötzi.jpg'),(19,'Hab\' mich wieder mal an dir betrunken','Pur',0,NULL,'hab_mich_wieder_mal_an_dir_betrunken.mp3',NULL,'Pur','pur.jpg',1987,'schlager','pur.jpg'),(20,'Waterloo','ABBA',0,NULL,'waterloo.mp3','waterloo.mp4','Waterloo','waterloo.jpg',1974,'pop','abba.jpg'),(21,'I Have A Dream','ABBA',0,NULL,'i_have_a_dream.mp3',NULL,'Voulez-Vous','voulez-vous.jpg',1979,'pop','abba.jpg'),(22,'Mamma Mia','ABBA',0,NULL,'mamma_mia.mp3','mamma_mia.mp4','Abba','abba.jpg',1975,'pop','abba.jpg'),(23,'Super Trouper','ABBA',0,NULL,'super_trouper.mp3','super_trouper.mp4','Super Trouper','super_trouper.jpg',1980,'pop','abba.jpg'),(24,'Lost on You','LP',0,NULL,'lost_on_you.mp3','lost_on_you.mp4','Lost On You','lost_on_you.jpg',2016,'alternative','lp.webp'),(25,'Stern des Südens','Bayern-Fans United',0,NULL,'stern_des_südens.mp3','stern_des_südens.mp4','Heimspiel','heimspiel.jpg',1999,'hymn',NULL),(26,'It\'s My Life','Bon Jovi',0,NULL,'its_my_life.mp3','its_my_life.mp4','Crush','crush.jpg',2000,'pop rock','bon_jovi.webp');
/*!40000 ALTER TABLE `song` ENABLE KEYS */;
UNLOCK TABLES;

--
-- Table structure for table `song_hint`
--

DROP TABLE IF EXISTS `song_hint`;
/*!40101 SET @saved_cs_client     = @@character_set_client */;
/*!50503 SET character_set_client = utf8mb4 */;
CREATE TABLE `song_hint` (
  `song_hint_id` int NOT NULL AUTO_INCREMENT,
  `song_id` int NOT NULL,
  `hint_id` int NOT NULL,
  `sequence` int NOT NULL,
  `content_replace_1` varchar(255) DEFAULT NULL,
  PRIMARY KEY (`song_hint_id`),
  UNIQUE KEY `song_hint_hint_id_song_id_uindex` (`hint_id`,`song_id`),
  UNIQUE KEY `song_hint_song_id_order_uindex` (`song_id`,`sequence`),
  CONSTRAINT `song_hint_hint_id_fk` FOREIGN KEY (`hint_id`) REFERENCES `hint` (`hint_id`),
  CONSTRAINT `song_hint_song_id_fk` FOREIGN KEY (`song_id`) REFERENCES `song` (`song_id`)
) ENGINE=InnoDB AUTO_INCREMENT=4497 DEFAULT CHARSET=utf8mb4 COLLATE=utf8mb4_0900_ai_ci;
/*!40101 SET character_set_client = @saved_cs_client */;

--
-- Dumping data for table `song_hint`
--

LOCK TABLES `song_hint` WRITE;
/*!40000 ALTER TABLE `song_hint` DISABLE KEYS */;
INSERT INTO `song_hint` VALUES (4402,1,2,1,NULL),(4403,1,11,2,NULL),(4404,1,1,3,NULL),(4405,1,7,4,NULL),(4406,1,4,5,NULL),(4407,2,10,1,NULL),(4408,2,2,2,NULL),(4409,2,6,3,NULL),(4410,2,1,4,NULL),(4411,2,4,5,NULL),(4412,9,11,1,NULL),(4413,9,8,2,NULL),(4414,9,10,3,NULL),(4415,9,7,4,NULL),(4416,9,4,5,NULL),(4417,10,7,1,NULL),(4418,10,6,2,NULL),(4419,10,1,3,NULL),(4420,10,12,4,NULL),(4421,10,4,5,NULL),(4422,11,10,1,NULL),(4423,11,7,2,NULL),(4424,11,2,3,NULL),(4425,11,9,4,NULL),(4426,11,4,5,NULL),(4427,12,11,1,NULL),(4428,12,2,2,NULL),(4429,12,12,3,NULL),(4430,12,7,4,NULL),(4431,12,4,5,NULL),(4432,13,10,1,NULL),(4433,13,12,2,NULL),(4434,13,11,3,NULL),(4435,13,8,4,NULL),(4436,13,4,5,NULL),(4437,14,6,1,NULL),(4438,14,9,2,NULL),(4439,14,11,3,NULL),(4440,14,10,4,NULL),(4441,14,4,5,NULL),(4442,16,2,1,NULL),(4443,16,1,2,NULL),(4444,16,8,3,NULL),(4445,16,12,4,NULL),(4446,16,4,5,NULL),(4447,17,9,1,NULL),(4448,17,12,2,NULL),(4449,17,11,3,NULL),(4450,17,7,4,NULL),(4451,17,4,5,NULL),(4452,18,2,1,NULL),(4453,18,7,2,NULL),(4454,18,9,3,NULL),(4455,18,10,4,NULL),(4456,18,4,5,NULL),(4457,19,10,1,NULL),(4458,19,8,2,NULL),(4459,19,12,3,NULL),(4460,19,9,4,NULL),(4461,19,4,5,NULL),(4462,20,11,1,NULL),(4463,20,9,2,NULL),(4464,20,1,3,NULL),(4465,20,2,4,NULL),(4466,20,4,5,NULL),(4467,21,9,1,NULL),(4468,21,8,2,NULL),(4469,21,1,3,NULL),(4470,21,10,4,NULL),(4471,21,4,5,NULL),(4472,22,9,1,NULL),(4473,22,1,2,NULL),(4474,22,10,3,NULL),(4475,22,8,4,NULL),(4476,22,4,5,NULL),(4477,23,11,1,NULL),(4478,23,8,2,NULL),(4479,23,6,3,NULL),(4480,23,10,4,NULL),(4481,23,4,5,NULL),(4482,24,7,1,NULL),(4483,24,10,2,NULL),(4484,24,11,3,NULL),(4485,24,9,4,NULL),(4486,24,4,5,NULL),(4487,25,10,1,NULL),(4488,25,1,2,NULL),(4489,25,2,3,NULL),(4490,25,6,4,NULL),(4491,25,4,5,NULL),(4492,26,6,1,NULL),(4493,26,8,2,NULL),(4494,26,11,3,NULL),(4495,26,2,4,NULL),(4496,26,4,5,NULL);
/*!40000 ALTER TABLE `song_hint` ENABLE KEYS */;
UNLOCK TABLES;
/*!40103 SET TIME_ZONE=@OLD_TIME_ZONE */;

/*!40101 SET SQL_MODE=@OLD_SQL_MODE */;
/*!40014 SET FOREIGN_KEY_CHECKS=@OLD_FOREIGN_KEY_CHECKS */;
/*!40014 SET UNIQUE_CHECKS=@OLD_UNIQUE_CHECKS */;
/*!40101 SET CHARACTER_SET_CLIENT=@OLD_CHARACTER_SET_CLIENT */;
/*!40101 SET CHARACTER_SET_RESULTS=@OLD_CHARACTER_SET_RESULTS */;
/*!40101 SET COLLATION_CONNECTION=@OLD_COLLATION_CONNECTION */;
/*!40111 SET SQL_NOTES=@OLD_SQL_NOTES */;

-- Dump completed on 2025-10-23 21:01:12
